Marca temporal,Edad,Ocupaci√≥n,Estado de residencia,Siento que mi padre rara vez...,Cuando la suerte est√° en mi contra...,Siempre he querido que...,Si estuviera encargado...,El futuro me parece...,Las personas que son mis superiores...,"Tal vez sea tonter√≠a, pero temo...",Creo que un verdadero amigo...,Cuando era ni√±o...,Mi idea de una persona perfecta...,Si veo a una mujer y a un hombre juntos...,"Comparada con la mayor√≠a de las familias, la m√≠a...",En el trabajo me llevo muy bien...,Mi madre...,Har√≠a cualquier cosa por olvidar la vez que...,Mi padre solamente...,Creo tener habilidad para...,Ser√≠a muy feliz si...,Si la gente trabaja (o trabajara) bajo mis √≥rdenes...,Busco...,"En la escuela, mis maestros...",La mayor√≠a de mis amigos no saben que yo temo...,No me gusta la gente que...,"Antes, cuando era m√°s joven...",Pienso que la mayor√≠a de las mujeres...,Siento que la vida matrimonial es...,Mi familia me trata como...,Las personas con quienes trabajo son...,Mi madre y yo...,Mi peor equivocaci√≥n fue...,Deseo que mi padre...,Mi mayor debilidad es...,Mi ambici√≥n secreta en la vida...,La gente que trabaja (o trabajara) para m√≠...,Alg√∫n d√≠a yo...,Cuando veo venir a mi jefe...,Me gustar√≠a perder el miedo a...,La gente que m√°s me gusta...,Si otra vez empezara a vivir...,Creo que la mayor√≠a de las mujeres...,Si tuviera relaciones sexuales...,La mayor√≠a de las familias que conozco...,Me gustar√≠a trabajar con gente que...,Pienso que la mayor√≠a de las madres...,De ni√±o me sent√≠a culpable de...,Creo que mi padre es...,Cuando las circunstancias me son adversas...,"Cuando doy √≥rdenes, yo...","Lo que m√°s deseo en la vida, es...",Cuando tenga m√°s edad...,Las personas que considero mis superiores...,A veces mis temores me impulsan a...,"Cuando estoy ausente, mis amigos...",Mi experiencia infantil m√°s v√≠vida...,Lo que menos me gusta de las mujeres...,Mi vida sexual...,"Cuando era ni√±o, mi familia...","La gente que trabaja conmigo, generalmente...","Me agrada mi madre, pero...",Lo peor que he hecho en mi vida es...
1,21,Estudiante,Tlaxcala,Saluda a la familia ,no me sorprende,pudiera tener un trabajo chido,Me gustaria recibir feedback de mis trabajadores para que se sientan comodos,Prometedor ,las respeto,a vivir solo,Es aquel que siempre esta cuando m√°s lo necesitas aunque no siempre se vean,Queria ser bombero,Constante dedicacion a lo que le gusta hacer a la persona ,No tengo nada que pensar,Es muy unida,con mis amigos y superiores,dio todo por mi,"no tengo nada que olvidar, me gusta que mi pasado me defina",Esta cuando quiere algo ,"Exponer, presentar, dar ideas iniciales y colaborar ",Pudiera cumplir con la mayoria de mis sue√±os,Me gustaria que me entendieran bien las indicaciones y comuniquen si tienen  duda,Exito,Me ense√±an bien,Reprobar ,se burla de los dem√°s sin ser amigos,Me gustaba programar paginas web,Sufren de acoso,bonita,El hijo menor,Atentas,Nos queremos mucho,Hacer trampa por miedo a fallar,Tenga una vida plena,mi fuerza fisica,ser millonario para tener una familia comoda,serian capaces de aprender de los demas ,tendre una familia,Le pregunto si voy bien,vivir solo,siempre buscan salir adelante,me gustaria ser yo otra vez,sufren de acoso,las disfruto ,Son amables entre ellos,quiera aprender,aman a sus hijos,mentir,Chistoso,tomo un tiempo para hacer las cosas con calma,Quiero asignar tareas con respecto a la personalidad de la persona,tener una familia feliz,Me gustaria viajar con mi pareja,Las admiro,Cometer errores ,Se preocupan ,fue felicidad ,que siempre sobrepiensan,es bella,era un desastre,es responsable ,se espanta facilmente,mentir
2,21,Estudiante,Tlaxcala,Compartimos momentos memorables,Lo sigo intentando,No tenga que preocuparme ,Seria muy flexible,Incierto,Se esfuerzan,Estar solo,Siempre esta para ti,Adoraba jugar en el agua,Me hace reir y es independiente,Esta bien,Es muy poco tolerante,Intento llevarme bien con todos,Se preocupa demasiado,Le romp√≠ el dedo a mi pap√°,Es muy cerrado,Mentir,Fuera millonario,Tal vez se divertir√≠a m√°s,Estabilidad,Son muy inteligentes,A equivocarme,Es imprudente,Quer√≠a ser doctor,Son mentirosas,Rutinaria pero no necesariamente aburrida,No tengo punto de comparaci√≥n,Inteligentes,Somos muy unidos,Juntarme con tantos pendejos,Tenga salud,El chocolate ,Viajar,Sera respetada,Morire,Nada,Estar solo,Es rara,Har√≠a lo mismo,Pueden ser independientes,Me gusta rudo,Tienen problemas,Se esfuerce y sea proactiva,Son sobreprotectoras,Enfermarme ,Muy cerrado,Me esfuerzo m√°s,Me desagrada,No tener preocupaciones,Vivire en la playa,Se esfuerzan,Sobrepensar,Siguen su vida,Eventos escolares,Son mentirosas,Activa,Era m√°s unida,Se esfuerza ,Es muy poco paciente,Difamar a alguien 
3,22,Egresada ,Tlaxcala ,Es enojon ,Es porque fui negativa ,Se cumplan mis metas ,No se,Brillante y sorpresivo ,Son muy explosivos ,A la soledad ,Es siempre el que est√° a lado de ti en todo momento de dificultad ,Queria ser como las series de criminolog√≠a ,Es siempre ser feliz y de autoridad ,Son pareja?,Es extrovertida ,Siempre con todos ,Es mi vida ,Me cai enfrente de todos ,Es chistoso cuando est√° feliz ,Las manualidades ,Siempre el clima estuviera nublado ,Ser√≠a buen l√≠der ,Todo llega por si solo ,Eran mandones ,"A no contar con ellos, y haberlos llamados amigos ",Miente ,E echo todo ,Son fuertes ,Perfecta ,Lo normal supongo ,Buenas ,Masomenos ,No me acuerdo ,Nada ,El sue√±o ,.,Ser√≠a feliz ,Tendr√© mi propia escuela ,.,.,.,.,.,.,.,Sea tranquila ,.,.,.,.,.,.,Me mudare ,.,.,.,.,.,.,Siempre trabajaba ,Esta tranquila ,Es explosiva ,Nada 
4,27,Estudiante,Tlaxcala,Paciente,En existe la suerte,Haya paz mundial,Lideraria,Malo,A veces son inaptos para el puesto,A los perros de patas muy largas,Pone lugar para las chelas,Era peque√±o ,Es muy especifica,Pienso que son conocidos,Es tranquila,Con gente que respeta el espacio personal,Cocina muy bien,"Me ca√≠ en lodo, no s√© ",Era bipolar,Memorizar comandos,El di√°logo fuera claro y transparente en todo,Les pondr√≠a atenci√≥n,Tranquilidad,"Son buenos, generalmente",A los perros de patas largas,Es metiche,Jugaba mucho football,Son hermosas f√≠sicamente,Complicada,Miembro de la familia ,Raros,Nos llevamos bien,Actuar sin pensar,Est√© tranquilo,Que me besen el cuello ,Que me besen el cuello,Es importante,Morir√©,No tengo,Los perros de patas largas,Es blanca,Pues empiezo todo de nuevo,Son hermosas f√≠sicamente,Lo disfrutar√≠a,Son muy diferentes,Le guste el di√°logo,Son fuertes,Hacerme en la cama,Un recuerdo,Me da ansiedad,Me siento raro,Tranquilidad,Tendr√© una casa,Los respeto,No actuar,Existen,Jugar videojuegos,No son directas,Es nula :(,Era un caos,Coincide con mi persona,No sabe escuchar,Robar
5,20,Estudiante ,Tlaxcala ,Me abraza ,Me enfermo,Me noten y no me juzguen ,har√≠a cosas que no hago por miedo ,Algo incierto ,No me importan ,A ser olvidado o no dejar marca de que estuve alguna vez aqui,Apoya ,"Era muy feliz, yo viv√≠a muy bien hasta que, la conoc√≠ ",Alguien que me haga sentir completo y que una simple pl√°tica de algo sin sentido sea suficiente ,Volteo la vista ,Es algo rara ,Con mis compa√±eros si tan solo tuviera trabajo ,La amo y es lo m√°s importante que tengo en mi vida ,Abusaron de mi ,Es el,Muchas cosas si tan solo no procastinara tanto,Fuera millonario ,Seria un tirano,Sentirme completo ,Son cabrones ,A las abejas ,Me excluya,Era muy gordo,Son mentirosas ,Fastidiosa,Un ejemplo a seguir ,Responsable ,Nos queremos mucho y somos muy unidos ,Salir de casa ,Deje su mal comportamiento y su indiferencia ,Romper en la burbuja en la que estoy ,Ser rico ,No hay jaja,Ser√© rico ,Lo espero ,Las mujeres ,Homo?,No har√≠a los mismos errores ,Son mentirosas ,Me proteger√≠a ,Son unidas ,Cumpla ,Aman a sus hijos ,"Que mi mam√° llorara pero, no lo hac√≠a por mi culpa ",Muy serio ,No s√© que hacer ,Me exalt√≥ ,Hacer que mi mam√° nunca vuelva a trabajar ,Ser√© rico ,Mis pap√°s ,Tomar decisiones muy apuradas y poco acertadas ,Ni lo notan,Cuando mi pap√° regreso del extranjero ,Son mentirosas ,Activa ,No estaba completa ,Disfruta ,A veces se contradice mucho sola ,Robar 
6,21,Empleado,Puebla ,Habla con mi ,Me r√≠o ,Me respeten ,Mostrar√≠a y realizar√° el trabajo lo mejor posible ,Excelente ,Los respeto ,En cumplir con mis metas,Es leal ,Me gustaba correr,Es sincera y sin filtro ,Amistad ,Es muy unida ,Con los colaboradores ,Es muy trabajadora ,No quiero olvidar nada esparte de mi vida y lo ech√≥ ech√≥ est√° ,Quiere lo mejor para m√≠ ,Salir a delante y lograr lo que me proponga ser el mejor y hacerlo mejor,Mi padre estuviera vivo,Siempre con respeto y apoy√°ndolos en dudas y aclaraci√≥n pasa una mejora continua ,√âxito ,Me alagaban ,A fracasar,Es irrespetuoso ,Era m√°s responsable ,Soy lindas ,Buena para quien la quiere o la busca ,Un apoyo y alguien con qui√©n acudir ,Chismosas y arguenderas ,Unidos ,El no decidir por mi mismo,Siguiera conmigo,La comida ,Llegar a las olimpiadaa,Estar√° lo suficientemente capacitada para realizar su trabajo lo mejor posible con todos los recursos que necesiten para llegar a realizarla ,Lograr√© lo que quiero,Lo saludo ,A equivocarme ,Respetuosa,Experimentar√≠a nuevas cosas,La mejor creaci√≥n del mundo ,Protecci√≥n (anticonceptivo),Est√°n peladas ,Exitosa ,Protectoras ,No ayudar a mi madre en el trabajo,Era una buena persona ,No me rindo ,Me hacen caso y no dudan de mi decisi√≥n ,Tener √©xito ,Ser√© lo mejor,Deben de ser mejor que yo en diferentes aspectos ,Tomar decisiones  incorrectas,Me buscan ,Laboral ,Es que no sean sinceras y hablen con la verdad,Es satisfactoria,Me cuidaba ,Es educada ,A veces esconde sus problemas ,No hacer lo que me gusta
7,21,Estudiante,Tlaxcala ,Me necesita ,Sonri√≥ ,Me cuiden ,Solucionar√≠a todo,Incierto ,Son prepotentes,A morir,Es leal sin importar que,Jugaba como loco ,Es perfectible ,Los ignoro ,Es unica ,Con los jefes ,Es extra√±a,Me drogue,Me utilizo como justificaci√≥n ,Boxear,Fuera campe√≥n del mundo ,Ser√≠an m√°s eficientes ,Paz,Me reconocen,A estar solo,Es hip√≥crita ,Era m√°s desordenado ,Merecen respeto ,Un privilegio ,Alguien externo ,Inmaduras ,Nos llevamos bien ,No entrenar boxeo desde m√°s joven ,Este tranquilo ,La opini√≥n de los dem√°s ,Ser una leyenda del boxeo mexicano ,Ser√° reconocida,Ser√© profesional ,No me inmuto ,Morir,Es unica ,Desear√≠a hacerlo mejor ,Merecen respeto ,Solo lo hago con personas con las que tengo un v√≠nculo ,Son raras ,Sea aut√≥noma ,Han cometido errores ,La separaci√≥n de mis pap√°s ,Inexistente ,Escucho m√∫sica y entreno ,Intento ser asertivo ,Una familia ,Deseo estar en el boxeo profesional ,Les guardo respeto ,Ser explosivo ,No lo notan,Salirme de mi casa en la madrugada por problemas ,Su complicaci√≥n ,Es sana ,Me adoraba ,Me deja todo a mi,Desear√≠a que reconociera sus errores ,Intentar morir
8,19,Estudiante,Tlaxcala ,Se enoja conmigo ,Siento frustraci√≥n ,Las personas que me rodean me den el mismo apoyo que yo les doy a ellos ,.,Raro,.,Que no pueda terminar mi carrera,Siempre est√° sin importar nada ,Me gustaba que mis pap√°s cumplieran todos mis caprichos ,No tengo idea,".
 ",No siempre es unida ,.,Es la persona a la que m√°s confianza le tengo ,Tom√© una decisi√≥n muy dif√≠cil que afecto mi futuro de manera emocional,"Quiere lo mejor para m√≠, aunque a veces le cuesta demostrarlo con palabras.",Escuchar a los dem√°s y entender sus puntos de vista.,No hubiera ocurrido el fallecimiento de dos personas a las que quise mucho ,"Me esforzar√≠a por ser un l√≠der justo, que escucha, motiva y respeta a los dem√°s.",Ser una mejor versi√≥n de m√≠ mismo cada d√≠a y encontrar un prop√≥sito claro en lo que hago.,Son muy estrictos y no ense√±an muy bien,.,Es hip√≥crita ,No me preocupaba por mi futuro ,.,"Una etapa importante que requiere compromiso, respeto y comunicaci√≥n para que funcione bien.","Alguien valioso, aunque a veces no siempre entienden lo que siento o pienso.", .,Tenemos una relaci√≥n muy linda ,Juntarme con personas que de alguna manera me hac√≠an da√±o ,Pase m√°s tiempo conmigo ,Que tengo miedo de empezar con mi vida laboral ,"es lograr algo grande que me haga sentir orgulloso, aunque a√∫n no s√© exactamente qu√©",Quiero que me vean como jefa pero tambi√©n como un apoyo para ellos cuando lo necesiten ,Quiero ser la mejor en mi campo laboral ,.,Salir de mi zona de confort ,Son las personas que saben ser leales,Tal vez evitar√≠a juntarme con personas del pasado ,"Son fuertes, inteligentes y capaces, aunque a veces la sociedad no les da el lugar que merecen",Me asegurar√≠a de que fuera en el momento adecuado y con la persona correcta,Son muy unidas ,Tengan ganas de salir adelante y que no nos veamos c√≥mo rivales si no como un equipo ,"Hacen lo mejor que pueden por sus hijos, aunque no siempre se les reconoce todo el esfuerzo que hacen.",Contestarle muy feo a mis pap√°s ,Un gran ejemplo a seguir ,"Trato de mantener la calma y buscar soluciones, aunque a veces me frustro al principio.","Intento ser claro y respetuoso, esperando que las personas comprendan el prop√≥sito detr√°s de lo que pido.","Encontrar estabilidad, ser feliz con lo que hago y tener relaciones significativas.","Me gustar√≠a mirar atr√°s y sentirme orgulloso de lo que he logrado, tanto personal como profesionalmente.","Son aquellas que no solo tienen autoridad, sino tambi√©n sabidur√≠a, empat√≠a y un buen ejemplo que seguir.
",No hacer algo que quiero ,"A veces me extra√±an, pero otras veces no se dan cuenta de que no estoy.
","Fue una ocasi√≥n en que me perd√≠ en Walmart y sent√≠ mucho miedo, pero luego me reencontr√© con mi familia y sent√≠ alivio.","Es cuando generalizan o juzgan sin conocer bien la situaci√≥n, aunque eso tambi√©n aplica a los hombres.",Es un aspecto privado de mi vida que estoy conociendo y comprendiendo poco a poco.,Me consent√≠a mucho,.,A veces se enoja mucho,Haber tenido un aborto 
9,50,Estudiante,Tlaxcala,Es sta,Me salen mal las cosas,La gente sea m√°s humana,Har√≠a mejores leyes,Me mavilloso,Aveces se equivocan,Al tiempo,Es ukico,Quer√≠a ser veterjnario,Yo,Que bonito ,Linda,Con todos,Un √°ngel maravilloso ,Vi un secuestro ,Es gru√±on,So√±ar ,Pudiera sanar a todos ,Seria m√°s sonriente ,Paz,Bueos,A la tormenta ,No es humilde ,Sent√≠a miedo a morir,Son √∫nicas ,Linda ,Hija,Buenos,Son mis un gran equipo la amo,Dejar de estudiar,Deje de ser tan gru√±on ,Empayia,Ser  un sanador,Seria feliz ,Morire,Me  alegra verlo,La muerte trajica,Es la alegre,Disfrutar√≠a m√°s ,√önicas ,X,Buenas,X,X,Nada,Maravilloso ,Enfrentas,Trata de ser amable ,Vivo en paz,Quiero paz,Repites mucho tus preguntas ,Repites mucho ,Me extra√±asn,Es alegria,Es ,Ukica,Era bonita,Son buenos ,Es manipulable ,Perder el tiempo
10,18,Estudiante ,Tlaxcala ,Muestra sus sentimientos ,no consigo lo que quiero ,los dem√°s me quieran como yo a ellos,"de mi propia vivienda, yo ser√≠a m√°s organizada ",raro,deben tener mi respeto,vivir en la pobreza ,sabe cu√°ndo debe irse ,no le prestaba tanta importancia a mi apariencia ,es alguien feliz consigo misma ,no hago nada,est√° mal,con todos ,est√° loca ,cambi√© para encajar ,piensa en el dinero ,escribir y pensar ,nos pudi√©ramos comunicar sin decir una sola palabra ,ser√≠a porque tengo la capacidad de dirigirlos correctamente ,la felicidad que es el grado m√°ximo de la perfecci√≥n ,est√°n tristes ,su rechazo,enga√±a ,me costaba expresar afecto,estamos en el mundo por una raz√≥n m√°s all√° de lo mundano ,tranquila,si no perteneciera ,raras,tenemos una relaci√≥n hip√≥crita ,hacerle caso a los dem√°s,me entendiera ,que hagan re√≠r ,hacerme muy rica ,deber√° ser muy capaz ,ser√© feliz ,me pongo nerviosa ,hablar ,es la m√°s honesta ,todo seria igual,son bonitas ,me dar√≠a miedo,tienen secretos y son hip√≥critas,piense igual que yo,no saben amar ,ser gorda ,una persona triste ,trato de sobreponerme ,trato de no parecer mandona ,tener tiempo ,vivir√© sola,deben tener mi respeto,no hacer nada ,viven ,no la recuerdo ,es la rivalidad que tienen ,no ha comenzado,parec√≠a ser bonita ,se enoja conmigo ,no me gusta c√≥mo es ,mentir 
11,19,Estudiante,Tlaxcala ,Muestran afecto de cari√±o ,La mayor√≠a de mis planes salen mal ,Hubiera formado una banda de rock ,Mejorar la manera en la que se administra el personal ,Incierto ,Las respeto m√°s por su carg√≥ que por su personalidad ,A las ara√±as y grandes multitudes ,Es aquel que no se olvida de ti aunque ya no se vean seguido ,Me gustaba mucho el Explorer nuevos lugares ,Es Jesucristo ,Me parece interesante las distintas relaciones o amistades entre ambos g√©neros ,Es un tanto distante ,Con todos ,Es mucho m√°s emocional ,Me arrestaron ,Muestra su cari√±o en pocas ocasiones ,La m√∫sica ,Tuviera a mi familia m√°s unida ,No ser√≠a tan estricto,Tener una vida pac√≠fica y sin conflictos ,Son agradables y a la vez profesionales ,A las mujeres ,Es muy ruidosa ,Era m√°s aventado o rebelde ,Les importa m√°s su apariencia f√≠sica que la exterior ,"Complicada, pero hermosa a la vez ",Un chico promedio ,Educadas ,Nos llevamos muy bien ,"
El no ser m√°s maduro al conocer una Persona ",No sea tan perfeccionista ,Los animalitos y los ancianos ,Es ser famoso ,No ser√≠a tan cerradas ,Conseguir√© un mejor trabajo ,Trat√≥ de comportarme m√°s profesional ,Las alturas ,Son aquellas que tambi√©n les apasiona la m√∫sica o planes sanos ,Har√≠a ejercicio desde ni√±o ,"Les importa m√°s lo exterior de una persona, que lo Interior ",Solo ser√≠a cu√°ndo ya estuviera casado ,Son agradables ,Que no sea tan cerrada ,"Son amorosas, pero tambi√©n muy sobreprotectoras",Hacer sentir mal a mis padres ,Serio pero a la vez chistoso ,Recurro a Dios y a mis amigos ,Las doy de una manera ser√≠a pero calmada ,Tener una banda de rock ,Mejorare m√°s mi aspecto f√≠sico y personal ,Las suelo respetar mucho ,A hacer cosas que me pongan en riesgo ,No hacen nada ,Fue mi primera comuni√≥n ,Es que se fijan m√°s en el f√≠sico y apariencia ,No tengo ,Me solia consentir mucho ,Suelen ser muy cerradas o mandonas ,Es muy terca en ocasiones ,Nunca haber disfrutado m√°s el tiempo con mi t√≠a 
12,27,M√©dico ,Tlaxcala,,Todo me sale mal,Tener un buen autoestima ,Buscar√≠a mejoras,Incierto,Los admiro,A las ara√±as,Est√° contigo en las buenas y en las malas ,Quer√≠a que mis pap√°s siguieran juntos,Que demuestre lo que siente ,Pienso que andan,Es muy peque√±a,Con mis compa√±eros de turno ,"Es la mejor del mundo, luchadora, inteligente y muy fuerte ",Abusaron de mi,Descansa cuando est√° muy enfermo,Nada ,Tuviera m√°s tiempo disponible para estar con mis hijas ,Buscar√≠a la forma de que todos nos comunic√°ramos de forma eficiente ,Amor sincero,Eran pacientes ,A las ara√±as ,Sea mentirosa,Era irresponsable ,Somos sensibles y a la vez muy fuertes,Necesario la comunicaci√≥n ,Una gran persona,Buena onda,Chocamos pero nos amamos,No ahorrar dinero ,Este sano ,Las muestras de afecto,Ser rica,Ser√≠a bueno para lo que hace,Ganar√© m√°s dinero,Me pongo seria ,Morir,Es la que me demuestra cari√±o,Me gustar√≠a tener mejores habitos,Somos fuertes ,Tendr√≠a cuidado,Son unidas,Me ayude a crecer,Son poderosas,Mi peso,Maravilloso,Lloro y siento que no sirvo pad anasa,Me siento culpable,Poder crecer profesionalmente,Podr√© hacer m√°s cosas ,Las admiro,No intentar,No lo notan ,Separaci√≥n de mis padres,Que se critican unas con otras ,Es activa,Me obligaba a suprimir mis emociones ,Son buenas personas,A veces no comprende mi vida,Ser infiiel
13,21,Estudiante ,Puebla ,No,Me da miedo,Todo me salga bien,De cuidar a la gente ,Brillante,Los respeto,A quedarme sin dinero ,Te respeta y te comprende ,Queria llegar a ser adulto ,Es que sea leal,Est√° bien,Es compartida,Con mis patrones,No,Que falleci√≥ mi ser querido,Quer√≠a lo mejor para mi,Socializar ,Ayudar√≠a a las personas ,Dar√≠a lo justo ,Un c√≠rculo social sano,Los respeto,A la deslealtad ,Humilla ,Pensaba menos las cosas ,Estudiar y prepararse ,Es una decisi√≥n dif√≠cil ,Normal,De car√°cter fuerte ,No,Tomar mucho,Este siempre para mi,El miedo,Tener una solvencia econ√≥mica ,Que sea honesta,Tendr√© un hogar propio,Me agrada ,Hacer cosas nuevas ,Que sean amistosos,Me gustar√≠a vivir la vida con menos prisa ,Podemos ser leales,Respetar√≠a mi cuerpo,Son disfuncionales,Sea honesta ,Te protegen,Quitarle oportunidades a mis padres ,Una buena persona ,Me da frustraci√≥n ,Considero que es lo correcto ,Tener un emprendimiento ,Me gustar√≠a estudiar m√°s ,Son personas buenas ,No hacer las cosas ,Se alejan ,Ver morir a mis padres ,Que sean conformista ,Bien,Me hac√≠a sentir excluido,No socializo,Me gustar√≠a que fuera parte de mi vida,Frustarme
14,21,Estudiante,Tlaxcala,Estaba enojado,Perservero y no me doy por vencido,Vivir sin preocupaciones ,Seria exigente ,Prometedor,Las respeto,Quedarme solo,"Siempre esta ahi, en los momentos dificiles",Siempre fui feliz ,No existe,"Me alegra, siempre y cuando todo este bien ",Es unida ,Con todos ,Es fantastica ,"Nada, todas las experiencias son buenas ",Nos quiere mucho ,"Liderar, tomar decisiones, habil en mi area de conocimiento",Cuando cumpla todas mis metas ,Me admiraria ,Mi mejor version ,Tienen un buen concepto de mi ,Nada ,Es irresponsable e impuntual,Era mas inseguro ,Son interesantes,No tengo ,Con respeto ,Amigables ,Nos queremos mucho ,Tratar de solucionar algo que no tenia arreglo,Estubiera con nosotros ,La expresion ,Ser millonario,Tiene un buen concepto de mi,Viajare por Todo el mundo,Sigo en mi trabajo,Socializar mas ,Las personas responsables ,Disfrutaria mas todos los momentos ,Son interesantes ,Me protegeria ,Son unidas,Tenga compromiso en su trabajo,Quieren a sus hijos,Nada ,Muy afectuoso ,Tengo resilencia ,Lo realizo con comprencion ,Lograr todas mis metas ,Realizare mis metas ,Padres y maestros,No le hago caso a mis temores,No pasa nada ,Salir a comer con mi familia ,Nada ,No hay,Siempre me dejaron tomar mis decisiones ,Es trabajadora ,Falla en la planeacion y lo termino haciendo ,Mentir
15,20,Estilista ,Tlaxcala,Descansa ,Suceden cosas malas ,Suceda algo inesperado en el d√≠a ,Ser√≠a de mi vida ,Dif√≠cil ,Son de lo mejor ,"No tener un futuro, y estar sola, perder mi familia ","Est√° en las buenas, las malas y las peores, y que sea mutuo ",Estaba muy peque√±a y odiaba las cosas relacionadas con la belleza o las cosas muy ni√±as ,"No existe, por qu√© ser alguien perfecto es solo persona que a pesar de cometer errores, tambi√©n saben c√≥mo solucionarlos ",Supongo que son pareja o grandes amigos ,"Tienes su esencia, cada familia es √∫nica ",Con mis compa√±eras ,"Es incre√≠ble, es √∫nica y no la cambiar√≠a, la amo",Lastime a alguien ,Le hace falta descansar,"Olvidarme de cosas importantes, o distraerme f√°cilmente ",Lleg√≥ a viajar ,Ser√≠a con ambiente relax ,Trabajo,Ella es incre√≠ble ,La oscuridad y estar sola ,"Es grosera, egoc√©ntrica, cre√≠da, despota",Jugaba f√∫tbol,Son √∫nicas ,"Dif√≠cil, y ala vez feliz, tiene sus problemas contras ",Quiere ,Buenas personas ,Aveces peleamos ,"No proteger lo que quer√≠a, ni defender, no saber tomar decisiones, no acepta quien soy, no tener valor para hablar ","Disfrute su vida m√°s, con mi mam√° ",Ser d√©bil en muchos aspectos ,Es tener una casa propia y mi propio local,Ser√≠a mis compa√±eras ,Viajare mucho,Corro ,"Las decisiones, lo nuevo ",Son los que no mienten,"Tratar√≠a de no cometer errores, o por lo menos no los mismos ",Han sufrido algo ,Ser√≠a con la persona que ame,Han tenido alg√∫n problema ,Se apure ,Necesitan descansar un d√≠a ,Nada ,S√∫per trabajador ,Me frustro,Me da pena ,"Tener un hogar, y viajar ",Espero haber logrado algo ,Es mi maestra y mis pap√°s ,"Cometer errores, el fracaso ",Se preguntan si estoy bien ,Estar pelona ,Que aveces que guardan las cosas ,Va en decline ,Le gustaba ir a comer al monte ,Hace lo que quiere ,Aveces no me deja salir,Hacerme da√±o 
16,21,Estudiante ,Tlaxcala,Est√° serio,Todo me sale mal ,Me regalen cosas ,Lo har√≠a todo bien ,Incierto ,Son muy buenos ,A las abejas ,Siempre te apoya ,Estaba todo el tiempo jugando ,No tengo,No pienso en nada ,Es muy divertida ,Con todos ,Es muy buena ,No s√© ,Es muy estricto en mi educaci√≥n ,Los acertijos ,Encontrar√° un trabajo en lo que me gusta ,Todo es ordenado ,Nada ,So. Muy buenos ,A las abejas ,Es muy estricta ,Sol√≠a estar m√°s relajada ,Son muy buenas ,Una responsabilidad ,Siempre ,Responsables ,Nos compartimos todo ,Ninguna ,Viva mucho tiempo ,No s√© ,No tengo ,Tendr√≠a que ser responsable ,Viajare,Me pongo a limpiar ,Las abejas ,Me cae bien ,Quisiera buscar otras alternativas ,Son estrictas con su apariencia ,No s√© ,Son tranquilas ,Compaginamos ,Son muy trabajadoras ,Nada ,Muy bueno conmigo ,No s√© ,Me estreso ,Nada ,A√∫n no se ,Son trabajadores ,Nada ,No se,Me iba a ahogar con un hueso de pescado ,No s√© ,No s√© ,Siempre trabajaba ,Es responsable ,Nada ,Nada 
17,19,Estudiante ,Tlaxcala ,Sale sin nosotros ,Me tranquilizo ,Mi mam√° haga un pastel ,De un negocio aprender√≠a mucho ,Inesperado ,Son un ejemplo ,Que no pueda trabajar ,Esta en las buenas y en las malas ,Me cost√≥ aprender a manejar la bicicleta,Ninguna ,Trato de malinterpretar su relaci√≥n ,Es muy unida ,Con pocas personas ya que me cuesta mucho expresarme y la mayor√≠a de las veces los incomodo ,"Es un gran ejemplo, yo quiero ser como ella.",Dije varias cosas que incomodan a ciertas personas ,Le gusta comer carne de puerco ,Organizar y Mandar ,Ya estuviera aportando algo economico a mi familia ,Trabaja con tiempo ,Ejercer lo que estoy estudiando ,Me inspiran (solo algunos),Tener una relaci√≥n ,No dice las cosas en la cara ,Me ca√≠ ,Son muy fuertes ,Una gran responsabilidad que se lleva con amor ,Su hija y hermana ,Buenas ya que comparten sus experiencias ,Tenemos una muy buena relaci√≥n ,No contestar como se debe en varias ocasiones ,Viva m√°s a√±os ,Mi familia ,Es c√≥mprale una combi a mi padre ,Espero que aprendan mucho ,Tendr√© mi propio negocio ,Me inspir√≥ ,Las entrevistas ,Es la que te dice todo de frente ,Aprender√≠a idiomas ,Trabajan muy bien y de firma limpia ,Ser√≠a para concebir un hijo ,No se comunican mucho ,Le guste progresar y no sea envidiosa ,Son amorosas y dan la vida por sus hijos ,No poder dar dinero ,Muy fuerte ,Lloro ,Aveces me impresiono ,Ganar mucho dinero sin hacer algo il√≠cito ,Quiero conocer a m√°s personas ,Son mi padres y jefes ,Mejorar ,Me cuentan todo lo de su d√≠a ,Los d√≠as de campo ,No tengo nada encontra ,Esta inactiva ,Hacia fiestas muy grandes ,Es muy amable ,Su familia no ,No hacerle caso a mi mam√° 
18,20,Estudiante,Tlaxcala,expresa lo que siente,no me aflijo,perciban lo valiosa que soy,har√≠a las cosas justas,emocionante,tienen mucho que ense√±ar,que me olviden,es leal,me sent√≠a fuera de lugar,es alguien amable que no teme sentir tan intensamente ,me da igual,es reservada,con mis compa√±eros,es valiente,abusaron de mi,quiere sentirse amado,ser una buena l√≠der ,mis esfuerzos dan frutos,se organiza mejor ,superarme,deber√≠an ser m√°s estrictos,no dar mi m√°ximo esfuerzo,no tiene opini√≥n propia,era muy temerosa,merecen sentirse seguras,una etapa de crecimiento y apoyo mutuo,alguien valiosa ,comprensivas,nos queremos mucho,callarme para no incomodar,sea feliz,la intensidad de mis emociones ,construir un hogar amoroso,debe ser responsable,cumplir√© mis metas,contin√∫o con lo m√≠o,los hombres,"es genuina y leal, que se hace presente a√∫n sin ped√≠rselo ",me preocupar√≠a menos de lo que digan sobre m√≠ ,merecemos paz,"querr√≠a que fuera con quien respete mi cuerpo, a mi, y mis decisiones",son muy grandes,respete mi trabajo y tiempo,dan m√°s de su 100%,que mis padres pelearan ,un adulto que no pudo disfrutar su ni√±ez,prefiero descansar e intentarlo nuevamente,busco ser justa,ser amada profundamente ,tendr√© m√°s experiencia con la que ayudar,me pueden ense√±ar algo nuevo,mejorar,lo notan,es al lado de mi hermana,"es cuando no se permiten cuestionar las ideas impuestas por un sistema que hist√≥ricamente las ha oprimido, y terminan repitiendo patrones que las hieren",es completamente m√≠a,peleaba mucho,espera que yo coordine todo,a√∫n tiene creencias conservadoras,permitir que se me faltara el respeto
19,21,Estudiante,Lejos,Me dedica atencion ,Me va mal ,Me quieran de una forma bonita ,No saliera ,Insolito,Son mis padres ,No poder cumplir mis sue√±os ,Es el que te escucha ,Hacia mas cosas solo ,Es algo subjetivo ,Me da igual ,Es disfuncional ,Con mi jefa de area,Es buena,Salgo a tomar,Me habla cuando quiere ,Dibujar,Solo estvuera en Puebla,Seria un conflicto,Estabilidad emocional ,Son bien volubles ,Estar solo ,Se porta grosera con los demas ,Solia hacer ejercicio ,Saben lo que quieren ,Una monta√±a rusa ,Si fuera un pariente lejano; no me ve ,Del area forense ,Avaces nos peliamos ,Hacer lo que otras personas quieren que haga ,Esta bien ,La comida ,Es poder ser multimillonario ,Estaria preocupada ,Cumplire mis metas ,Corro,Todo ,Es segura de si misma ,Sabria que hacer ,Son hermosas ,Soy virgen ,Son estables a su manera,Me ayude a superarme y me motive ,Son muy extrictas ,Pegarle a mi primo ,Una buena persona ,Trato de dar una soluci√≥n ,Me enojo,Terminar mis proyectos,Voy hacer mas cosas,Las respeto,No hacer nada ,Ni me buscan ,Fue comer dulces,Es su carateer,Es inactiva,Me dejaba esa,Se muere del la risa ,Aveces es muy controladora ,Procrastinar
20,36,Empleado,Tlaxcala ,Me entiende ,Sonri√≥ y sigo ,Ser mejor ser humano ,Tendr√≠a que dar lo mejor,No tan f√°cil pero paso a paso se ir√° solucionando ,Deber√≠an ense√±ar con el ejemplo ,No ser el mejor padre y pareja,Siempre estar√° contigo en las buenas y malas se alegra de tus triunfos y se preocupa cuando no van bien las cosas ,Me encantaba andar en bici bajo el agua,Poder ser √∫til ala sociedad y sus semejantes ,Respeto su espacio ,No es perfecta pero es funcional e ir√° mejorando ,Con mi compa√±ero ,Era √∫nica y aprend√≠ muchas cosas ,Nada de todo se aprende bueno y malo y me a llevado a lo que aoy,Se preocupo por qu√© no faltar√° nada en casa ,Seguridad ,Soy feliz con lo que tengo,Tendr√≠an buenas experiencias ,Ser mejor cada d√≠a ,No eran como los imagin√© pocos te alentaba a ser diferentes ,A ser mejor padre pareja y amigo,Es falsa,Me divert√≠ conoc√≠ y madure de una forma muy diferente a los demas,Cada una tiene su historia y es comprensible apoyarlas cuando est√° a mi alcance,Un poco complicada cada cabeza es un mundo y ve de diferente manera ,Una persona normal,Enfocadas en su trabajo,Ten√≠as una conecci√≥n unica,Tratar de darle gusto a los dem√°s para ser aceptado ,Cure sus heridas de ni√±o y adolescente ,Mi familia ,Ser √∫til ala sociedad y apoyar siempre ,Tendr√° experiencia inolvidable ,Ser√© empresario ,Sigo trabajando normal ,Hablar en p√∫blico ,Debe ser coherente ,Tratar√≠a de ser m√°s √∫til a mis semejntes,Deben sanar sus heridas infantiles y de adolescente ,Me cuido y trato con responsabilidad ,Tienen algo que ense√±ar,Sabe trabajar en equipo desde el callado hasta el que habla demasiado,Siempre nos ven como sus peque√±os ,Nada,Una persona amorosa,Trato de seguir adelante ,Trato de ense√±ar si no sabe,Ser √∫til ala sociedad ,Me gustar√≠a estar en la monta√±a ,Deben ense√±ar con el ejemplo ,Quedarme en silencio ,Me dan mi espacio ,Agarrar mariposas ,Interesadas,Con respeto y protecci√≥n ,Jugaba conmigo,No le caigo por qu√© no soy tolerante,Me quiso a su manera ,Tratar de complacer alos dem√°s para encajar me di cuenta y empeze a ser diferente
21,37,Investigador ,Tlaxcala ,Sabe lo que hace,La vida es dura,La vida sea tranquila ,Lo har√≠a todo mejor ,Incierto ,Son incompetentes ,A las alturas ,Es quien te hace ver tus errores ,Pasaba mucho tiempo leyendo ,Es que me acepte como soy,Creo que son pareja ,Es muy decente ,Con las chicas ,Es una gran mujer ,Pas√© una verg√ºenza grande ,Es una persona ,Hablar y agradar,Estuviera seguro del amor ,Las cosas ser√≠an m√°s eficientes,Tranquilidad,Siempre me apreciaron,Tener hijos,Miente ,Me gustaban los dinosaurios,Me agradan ,Complicada ,Uno m√°s ,M√°s listos que el promedio ,Nos llevamos bien,Consumir drogas regularmente ,Me aconseje ,Necesito cari√±o constante,Ser reconocido por mi trabajo,Se realizar√≠a,Tendr√© tiempo para todo lo que quiero ,No siento nada,Decir lo que siento ,Es inteligente ,Comer√≠a mas sano,Son personas normales ,Ser√≠a muy bueno,Son no tradicionales ,Sea brillante y agradable,Quieren a sus hijos ,Que mis padres gastaran en m√≠ ,Desobligado,Me frustro,Intento no lastimar a otros,Tranquilidad ,Tendr√© m√°s tiempo libre,Me llevo bien con ellos,A callar lo que siento ,Me extra√±an,Mi primer novia ,Las mentiras,Es nula,No pasaba tiempo conmigo,Me aprecia ,Tiene defectos ,Consumir drogas sin control 
22,20,Estudiante,Tlaxcala,Se enoja,Me esfuerzo m√°s ,Me vaya mejor,Liderar√≠a ,Aleatorio,Mandan,Lo desconocido,Apoya,Disfrutaba m√°s ,Es  id√≥nea ,Son pareja,Es estable,Con todos,Es atenta,Me equivoqu√© ,Se esfuerza,Lograrlo ,Me superar√° ,Se superar√≠an ,Mi objetivo,Lo intentan,La oscuridad,No ayuda,Hac√≠a m√°s cosas,Cambian,Dif√≠cil ,Uno de ellos,Extraordinarios,Somos iguales,Limitarme,Este m√°s ,El chocolate ,Sobrepasarme,Se superar√≠a ,Me superar√© ,Continuo,La oscuridad,Se aleja ,Lo har√≠a diferente,Cambian,Disfrutar√≠a ,Son disfuncionales,Aporte,Son cari√±osas,Actuar mal,Distra√≠do ,Me exijo,Los tomo en cuenta,Conseguirlo,Har√© muchas cosas,Exigen,Sobrepensar,Siguen adelante,Divertirme,Abandonan,Es estable,Se apoyaba,Apoya,Es enojona,Dejarme llevar
23,21,Estudiante,Tlaxcala ,Se enoja,Me enojo,Me abracen,De una boutique ,Ser feliz ,Me quieren ,Sufrir,Es genial,Era feliz ,Es ser trabajadora ,Los amo,Es feliz ,Con todos,Es inteligente ,Me perd√≠ ,Me orgullese,Dibujar,Viajara,Estar√≠a controlado ,Trabajo ,Son bienos,A las pel√≠culas de terror ,Aparenta,Era solitario,Son hermosas ,Dif√≠cil ,Su hija ,Amables,Somos cercanas,No equivocarme,Sea feliz,Sea feliz,Es triunfar ,Setia trabajadora ,Viajare,Me pongo a trabajar ,A las pel√≠culas de terror ,Es soncera,Empezar√≠a a aprender de mis errores ,Son hermosas ,Estar√≠a bien ,Son diferentes ,Sea responsable ,Son ordenados ,Nada,Trabajador,Me siento triste ,Soy autoridad ,Viajar,Trabajador ,Son mis padres,No enfrente ,Me dejan ,Es feliz ,Nada,Nada,Es feliz ,Es bueno ,Es un poco estricta,Nada
24,27,M√©dico,Ciudad de M√©xico,Habla,Debo ser cuidadoso con lo que pienso,Hacer m√°s cosas nuevas,Ser√≠a un buen l√≠der,Interesante,Son fuente de aprendizaje,Buena pregunta,Debe ser un excelente ser humano,Disfrutaba ir a la biblioteca,Que sea congruente,Me es indiferente,Es peculiar,Con mis compa√±eros,Es interesante,Me perd√≠ en el metro,Existe,Hacer cosas nuevas,Fuera a Londres,Procurar√≠a ser un buen l√≠der ,Aprender,Son particulares ,No lo se ,Haga da√±o,Viv√≠a en otro estado,Son fenomenales,Particular en cada relaci√≥n,Un buen hijo,Asombrosas,Tomamos caf√©,Perder tiempo,Este bien ,Ser perfeccionista,Volar,Es asombrosa,Conocer√© todo el mundo,Comparto experiencias sobre el trabajo,Est√°r en una realidad no conocida,Es √°tipica,Aprovechar√≠a m√°s eficientemente el tiempo,Son asombrosas,Sin comentarios,Tienen su personalidad,Tenga habilidades interesantes,Son amorosas ,La gesti√≥n del tiempo,Amable,Aprendo de ellas,Soy firme,Aprender m√°s sobre la vida,Estar√© en otra etapa de mi entendimiento,Siempre ense√±an cosas nuevas,Romper mis l√≠mites,Existen,Un incendio,No lo se,Sin comentarios,Me ense√±aba cosas nuevas,Es eficiente,Sin respuesta,Procrastinar 
25,26,Empleada ,Tlaxcala ,Rie,Me pongo triste ,Tener mucho dinero para viajar,Ser√≠a amable ,Impredecible ,Las respeto ,A las ranas ,No existe ,Me gustaba jugar ,No existe ,Sonri√≥ ,Es unida ,Con todos ,Es grandiosa ,Me ca√≠ ,Nos ama ,Todo ,Tuviera estabilidad econ√≥mica,Ser√≠an felices ,Paz  en todos los sentidos ,Eran chidos ,A las ranas ,Se burla de los dem√°s ,Me gustaba salir ,Son amables ,Compromiso y respeto ,Una persona maravillosa ,Amigables ,Somos inseparables ,Contestar enojada ,Siempre sea feliz ,Que le pase algo a mis familiares ,Es ser una persona admirable ,Ser√≠a feliz ,Cumplir√© mis sue√±os ,Me da estr√©s ,Poner en pr√°ctica mis ideas para emprender ,Son personas amables ,Tomar√≠a las oportunidades ,Som amables ,Me cuidar√≠a ,Son alegres ,Sea respetuosa,Son incre√≠bles ,No apoyar a mis pap√°s lo suficiente ,El mejor ,Trato de ver lo mejor de cada situaci√≥n ,A veces soy muy grosera ,"Tener una familia unida, feliz y sin carencias ",Cumplir√© mis sue√±os ,Son enojonas ,No hacer nada ,Me hablan ,Jugar con mi padre ,La hipocres√≠a ,Inactiva ,Me daba lo que pod√≠an ,Es amable ,Es enojona ,Nada 
26,67,Pensionado ,Tlaxcala ,Me abraza ,Rara vez salen las cosas como las pense,Mi familia sea feliz ,Mejorar√≠a el ambiente laboral ,Maravilloso ,Se ganan mi respeto ,Por la paz mundial ,Siempre est√° contigo ,So√±aba con volar ,Es cristo,Pienso que son felices ,Sigue luchando por ser feliz ,Con la mayor√≠a de mis compa√±eros ,Fue una gran mujer ,Muri√≥ la madre de mis hijos ,Trato que fuera feliz ,Hablar con las personas ,Mi familia fuera feliz ,Me pondr√≠a en sus zapatos ,La felicidad de mi familia ,Fueron excelentes ,A los ratones ,Miente,Hera m√°s impulsivo ,Merecen mi respeto y que tienen que prepararse,Maravillosa ,Un l√≠der ,Muy responsables ,Nos llevamos bien ,Confiar demasiado ,Hubiera Sido m√°s feliz ,Mi familia ,Serle √∫til a mis semejantes ,Tiene y tendr√≠a en mi un amigo ,Podr√© corresponder a todos los que me han ayudado,Me da gusto porque puedo resolver las dudas que tenga en ese momento ,Perder a mi familia ,Es la alegre,Vivir√≠a mi propia vida ,Son fuertes ,Ser√≠a cuidadoso ,No son felices ,Me aporte cosas positivas ,Son excelentes ,Que un menor fuera abusado ,Excelente ,Las encaro,Lo hago con respeto y firmesa,Ser feliz ,Espero poder servirle a mis semejantes ,Merece mi respeto ,Tener m√°s precauci√≥n ,Se comunican ,El primer cumplea√±os que me festejaron ,Si indesicion,Es perfecta ,Me hizo fuerte ,Queda contenta ,Ya no est√° conmigo ,No haberle dado m√°s a mi familia 
27,22,Trabajado ,Estado De M√©xico ,Me habla ,De mi ,Triunfar ,De mi equipo ,Dificil,Jefes ,Alguien sepa ,Siempre est√° ,Me sent√≠a solo,Tener dinero ,Pareja ,Destruida ,Con mis compa√±eros ,Es complicada ,Choque ,Existe ,Socializar ,Tuviera dinero ,Bueno ,El √©xito ,H,Estar solo,Es presumida,No me importaba nd,Son mentirosas ,Dif√≠cil ,Tonto ,Tontas,Nos queremos ,Salirme de la escuela ,Se cure y sea la persona q siempre me platicaron ,Mi familia ,Ser una persona muy reconocida por el mundo ,Compa√±eros ,Ser√© feliz ,Me asombro ,Estar solo ,Trabajadora ,Cambiar√≠a todo ,Mentirosas ,Me cuido ,Unidas ,Profesional ,Son buenas ,De ser rebelde ,Un buen hombre ,Xx,Me siento impotente ,Casarme con el amor de mi vida ,tendr√© un casa ,M√°s dinero ,Sobre salir ,Me ignoran ,No tengo ,Sobremanipuladoras ,Es buena ,Ignoraba ,Es cruel ,Pero no puedo hablar con ella ,Destruir otra vida 
28,22,Estudiante ,Edomex ,Dice lo que siente ,Me r√≠o de la desgracia ,Los tiempos mejoren ,Trabajar√≠a para ayudar a los dem√°s ,Incierto ,Suelen ser molestos ,Al fin de los tiempos sin haber logrado nada ,Te apoya en los momentos dif√≠ciles ,Trabajaba con mis pap√°s ,No existe ,Infiero a qu√© podr√≠an ser pareja ,Es muy distante entre s√≠ ,Con pocas personas ,Es muy buena a√∫n que distra√≠da ,Me lastimaron ,Quiere amor ,Lo que me proponga ,Las personas que quiero fueran felices ,De manera justa ,Un futuro para todos lo que me apoyaron ,Son bien relajados ,A las alturas ,Aparenta ,Ve√≠a el mundo de otra manera ,Son infelices ,Un sue√±o casi imposible ,Un soporte emocional ,Muy intensas y doble cara ,Nos llevamos bien ,No hacer las cosas bien desde el principio ,Pueda descansar y estar con nosotros ,No poder concentrarme ,Ser lo que esperan de mi ,Con resiliencia ,Ver√© mis sue√±os cumplidos ,Me da mucho miedo arruinar las cosas ,Las personas ,Son los que son aut√©nticos ,Buscar√≠a vivir de verdad ,Sufren mucho ,Ser√≠a cuidadosa con todo ,Son infelices y con problemas ,Se apoya entre s√≠ ,Son imperfectamente perfectas ,Ver cosas que no deb√≠a ,Muy ausente ,Intento no llorar ,No soy directa ,Cumplir las metas ,Quiero vivir la vida ,Soy muy estrictas ,No hacer cosas que quiero ,Me buscan ,Es la separaci√≥n de mis padres ,Suelen ser muy explosivas ,Es estable ,Sol√≠a jugar mucho ,Dice que soy callada ,Es medio desordenada ,No vivirla 
29,38,Delivery driver,Washinton estate,Me ignora,Nada me sale como lo pienso,El mundo sea mejor ,Tratar√≠a de mejorar lo que no quieren que mejore,Incierto,No tienen la capacidad de ser lideres,Una invasi√≥n extraterrestre ,Deber√≠a de existir,Estaba chiquito,Es aquella que cuestiona todo ,Los miro,Es disfuncional,Con migo mismo,La amo,Sucedi√≥ algo malo,Quiere lo mejor para cada uno de nosotros,Muchas cosas,Pudiera ayudar a mucha gente,Tratar√≠a de escucharlos,La felicidad,Me ense√±aron lo basico,En perder la vista,Es hip√≥crita ,Estaba tonto,Son valiosas,Un compromiso donde dos personas deciden en estar juntos y crear algo ,X,Manipulables,Somos familia,No planear mi futuro,Sea feliz,Las malas desiciones,Ser millonario,Ser√° escuchada,Ser√© millonario,Trato de evadirlo ,Ser un fracaso,Es aquella que si miedo al que dir√°n se arriesgan a hacer lo que quieren,No sabr√≠a nada,Deber√≠an de enfocarse m√°s en ellas ,Estar√≠a de lujo,Est√°n en mexico,Quiera superarse,Dev√©n de tomar cursos de maternidad,No ser grande y ayudar a mi familia,El nunero 1,Me frustro,Me siento raro,Todo lo anterior,Ser√© viejo,Asta ahi,Tomar malas desiciones,No tengo amigos,No lo puedo contar,Que quieran sentirse m√°s que los hombres pero somos lo mismo,Es leeeeeenta,Estaba junta,Me odia,Aveces tiene sus preferidos ,Quedarme en estados unidos
30,69,Nini,Guatemala,Lava dinero,Me hago un pozole ,haya pizza infinita ,De descanso ,Futurista ,solo es Dios,beber agua en polvo ,te presta 20000 varos de compas ,estaba en mi infancia,era la ausencia ,ya se besaron ,la conozco ,con los que chambean,es mujer ,no me acuerdo ,duerme cuando est√° cansado ,Respirar ,saliera Pou 2,seguir√≠a la misma cantidad de chamba ,no compro ,siempre llegan ,a la luz ,odia a Kanye West,ten√≠a menos a√±os ,me dan miedo ,de dos ,un familir m√°s ,mis compa√±eros de trabajo ,somos mam√° e hije,no dormir m√°s ,desee tambi√©n ,El mole ,dinero dinero dinero ,ser√≠an mis chalanes,ser√© ,lo veo pasar ,tener miedo ,es la m√°s normal ,no me dar√≠a cuenta ,Beben agua,Qu√© rico ,las ubico ,chambeara,son del g√©nero femenino ,del Pou sucio ,mi progenitor ,no hago nada ,mando ,mondongo ,ser√© m√°s grande ,Solo Ozuna,no hacer nada ,no tengo ,fue cuando era ni√±e,No s√© ,Al ca√±o ,era la misma ,chambea ,creo que es una licuadora en secreto ,nada
31,17,Estudiante,Tlaxcala ,me manda msjlol,busco un plan,que ,tratar√≠a de proteger a mi personal,prometedor ,ns,a los guajolotes üò™,te debe impulsar a superarte d√≠a a d√≠a,me daba miedo el chapo,es alguien con afecto rec√≠proco ,me dan igual ,es m√°s separada,con la encargada,me inspira,que ,me da feria y me hace recargas,para ser millonario ,"si tuviera un mclaren, es solo cuation de tiempo üôèüôè",ser√≠a estricto pero sin abusar,ser millonario antes de los 20,me dan hueva,a quedarme solo,que intenta juzgarte solo por tratar de superarte ,sigo siendo joven,nd,es solo con la persona correcta en el tiempo correcto ,ns,ns,nos llevamos bien,pasar mate ,pueda verme cumpliendo mis sue√±os ,la verg√ºenza en p√∫blico ,ser millonario ,ser√° gente profesional ,ser√© millonario ,guardo el tel√©fono ,a quedarme solo,siempre tienen lentes ,tratar√≠a de disfrutar m√°s mi infancia ,ns,ns,ns,que me da de comerlol ,son maravillosas ,de peleas familiares ,alguien que super√≥ cosas fuertes,me pongo a sobrepensae,trato de especificar o sino mejor lo hago yo,ser millonario ,ser√© millonario ,ns,a hacer cosas que no deber√≠a ,ns,ns,que hablen con mucha gente ,ns,era m√°s unida ,es buena ,pero a veces tenemos discusiones ,ns
32,45,Hogar ,Estado de M√©xico ,Demuestra su amor y habla  conmigo ,Ni dios me puede ayudar ,Lo mejor para mi familia ,Pondr√≠a  plantear propuestas ,Muy  largo y la vida muy corta ,Son muy  perfecionistas ,Ala obscuridad ,Como un alfiler en un pajar ,Ten√≠a sue√±os  que con el tiempo se fueron desvaneciendo ,Es ser muy sab√≠a sin saber que es perfecta ,Es porque existe algo llamado amor, Es diferente y con  virtudes distintas ,Gracias a mi carisma ,La mejor no la cambiar√≠a por nadie ,Me sent√≠ tan sola y sin un sentido en mi vida ,Era un hombre el cual sobre sal√≠a su machismo ,No me considero con ninguna habilidad ,Pudiera regresar el tiempo,Trato de tratar como me gustar√≠a ser tratada ,Respuestas a muchas cosas que a√∫n no comprendo ,Eran muy exigentes ,Ala obscuridad ,No aporta algo positivo y que a todo le ve lo negativo ,Era m√°s estrovertida  ,Somos iguales pero pensamos distinto y tomamos decisiones donde nos guiamos por nuestros instintos ,Es muy complicada  y difisil,Con una responsabilidad m√°s grande de la que aun no me siento capaz ,Muchas ,Fuimos m√°s que eso ella era mi  muy importante en vida ,Fue el depender sentimentalmente de alguien que no me valoro ,Hubiese con prendido m√°s sus errores y corregirlos ,La soledad,Es ser reconocida por todo el mundo ,Son seres humanos y mesen ser tratados de igual manera,Dejare huella en este mundo ,Trato de haser las cosas lo mejor que puedo ,A mi soledad interior,Es la que aporta un buen consejo y divertida ,Cambiar√≠a muchas cosas m√≠as  ,Son estrovertida pero se limitan por los perjuicios ,Ser√≠a de una manera m√°s aut√©ntica ,Tienen alg√∫n problema  ,En la cual me indetificara m√°s con ellas ,Son personas que an sufri√≥ mucho y que no merese sufrir y menos de aquel que es llamado hijo ,De no poder ayudar a mi madre en las carencias ,Muy injusto pero creo que en el fondo no fue su culpa si no que as√≠ fue tratado  por su padre ,Trato de recapitular ,Soy muy mal ordenando ,Una vida mejor que la que tuvieron mis padres,Espero tener una buena calidad de vida,Son reservadas ,Descontrolar me y actuar de una manera  violenta ,Recuerdan momentos  juntos ,Es muy triste y con muchas carencias ,Es que no se sienten capases de muchas cosas ,Es muy inestable ,Peleaba mucho ,Es muy inestable ,Me hubiera gustado compartir m√°s momentos ,El ponerme en los zapatos de la otra persona 
33,44,Comerciante ,Apizaco Tlaxcala ,Me abrazaba ,Sonri√≥ ,Mis hijos sean felices ,De lograr la felicidad de los dem√°s lo har√≠a üòä,Incierto ,Merecen el mismo respeto que yo ,Olvidar los momentos hermosos que he vivido ,Lo es para toda la vida en las buenas y en las malas ,Amaba jugar con agua ,No existe por q somos seres imperfectamente hermosos ,Pienso en que si son pareja lo sean para siempre ,Es hermosa ,Con mi ayudante ,Es amorosa ,Perd√≠ a mi seres queridos por q murieron ,Me hac√≠a sonre√≠r ,Vender ,Mis hijos son felices ,Ser√≠a un ambiente muy divertido ,Tener lo necesario para poder ver a mis hijos felices ,Eran estrictos ,A las v√≠boras ,Es presumida √≥ prepotente ,Era rebelde ,Somos hermosas ,Muy bonita ,La m√°s fuerte ,Amables ,Somos unidas ,No hablar en su momento ,Siguiera vivo,Ver llorar a mis seres queridos ,Es amanecer en una caba√±a junto a el mar,Ser√≠a amable y sonriente como yo ,Viajar√© con el amor de mi vida ,Me apuro ,A las alturas ,Es la gente amable y sincera ,Hablar√≠a m√°s las cosas q me molestan ,"Somos hermosas 
",Ser√≠a solo con mi pareja ,Son amables ,Sea sincera ,Son amorosas ,Las travesuras q hacia ,Mi h√©roe favorito ,Pienso positivo y sonri√≥ ,Trato de ser amable y ser paciente ,Poder recorrer la rep√∫blica ,M√°s experiencia tengo ,Las respeto ,Cometer errores,Me extra√±an ,Mis t√≠as molestando ,Q sean envidiosas con otra mujer ,En pausa ,Se preocupaba por q me enfermaba ,Es feliz ,Me gustar√≠a q fuera mas comprensiva ,Fumar por 6 meses 
34,20,Estudiante,Tlaxcala,Platica conmigo ,Intento verle el lado bueno a las cosas,No me preocupe por solvencia econ√≥mica ,Tomar√≠a otras decisiones,Un misterio con muchos caminos,Les tengo respeto ,En no ser suficiente ,Es el que est√° en las buenas y en las malas ,Me gustaba los videojueos,Es aquella que te hace mejorar y no solo te ve los defectos ,Lo veo normal ,Es muy unida,Con mis compa√±eros ,Es mi motor a seguir ,Tuve momentos inc√≥modos ,Hace lo que puede ,Persuadir a las personas ,No sobrepensara las cosas tanto ,Tendr√≠an varias libertades,El √©xito en la vida ,No tienen tanto inter√©s en que aprendamos ,A no ser alguien en la vida ,Interrumpe cuando hablas,Pensaba que ser adulto era lo mejor ,Tienen su manera de buscar siempre el problema ,Algo bonito ,Un hijo con futuro ,Personas agradables ,Tenemos un lazo muy fuerte ,Dudar en m√≠ mismo,Me diga lo orgulloso que est√° de mi ,Mi nobleza ,Tener una gran casa y un gran trabajo ,Debe ser dedicada,No depender√© de nadie ,Solo lo miro ,No ser alguien en la vida ,Es la que te escucha y te ayuda a mejorar ,Corregir√≠a los errores que comet√≠ ,Tienen su toque ,Me cuidar√≠a mucho ,Son unidas ,Te ayude si ven que te atoras en algo ,Aman mucho a sus hijos ,Mentir a los mayores ,Una persona que intenta ser mejor ,Le busco lo positivo ,Me siento imponente ,Poder lograr mis objetivos ,Quiero tener una vida estable ,"Mi mam√°, mi pap√° y mis abuelos ",Hacer cosas que no son correctas ,Me escriben para saber si estoy bien ,Conocer la nieve ,Pelear por casi todo ,Es algo m√°gica ,Me llevaba a muchos lados ,Me ayuda a reconocer mis errores,Siento que llega a ser explosiva en ocasiones ,Gastar sin remordimiento de conciencia 
35,50,Docente ,CDMX ,Me ignora ,Me siento mal,Todos sean felices ,Ser√≠a justa,Incierto ,A veces me hacen enojar ,Al agua ,Siempre te apoya,Crec√≠ feliz ,No lo imagino ,La humanidad seguir√° ,Es diferente ,Con la mayor√≠a ,Es mi bendici√≥n ,Le falle a mi hermano ,Me apoya,Ser sincera,Si mi familia estuviera siempre unida ,Ser√≠a tolerante ,Siempre la felicidad ,Me ense√±an mucho ,Al agua ,Miente,Era miedosa,Son fuertes ,Hermosa ,Me gusta ,No confiables ,Somos inseparables ,Confiarme,Viva mucho,Son las sonrisas ,Es tener mucho dinero ,Ser√≠a afortunada,Tendr√© todo lo que deseo ,Me siento bien ,La inseguridad ,Es muy considerada,Mejorar√≠a algunas cosas ,Son unas triunfadoras,Ser√≠a cuidadosa,Son diferentes ,Comparte conocimientos ,Son una bendici√≥n ,Hacer enojar a mi mam√° ,Es una bendici√≥n ,Tengo ser fuerte ,Me siento rara,Ser feliz ,Espero no estar triste ,Son m√°s inteligentes que yo ,No hacer lo que debo,Me recuerdan,Fue con mi hermano ,Que se hacen menos ,Es agradable ,Me cuidaba mucho ,Le caigo bien ,No tengo queja,No apoyar a mi hermano 
36,34,Comerciante,Estado de mexico,No le importo,No tengo lo que Queiro ,Me valoren por lo que soy,Fuera un buen lider,Una mentira ,Los respecto siempre y cuando tengan la raz√≥n ,A no conocer a otro hombre,Siempre est√° para ti sin condiciones ,Era muy feliz no ten√≠a presiones ,No hay persona perfecta ,Si son pareja los admiro,Esta destrozada ,Con todos ,Es una persona que amo mucho y la respeto ,Se acaba mi matrimonio ,Piensa en el y comer ,Ser lider,Tuviera mi casa y mi familia otravez completa ,Esta contenta ya lo estoy haciendo ,Estar empaz y feliz ,Me llamaban de usted jaja,A estar sola ,Es hip√≥crita y cre√≠da ,Ten√≠a un cuerpo hermoso y no era tan infeliz ,Somos capaces de salir adelante solas ,Es muy dif√≠cil e interesante para p√≠dela sobrellevar ,Una tonta y que no puedo tomar mis decisiones ,Responsable ,Chocamos porque ella piensa que no soy como ellos,No hablar con la verdad y por eso perd√≠ a mi familia ,Se recupere por qu√© es muy feo verlo a si como est√° ,Quedarme sola ,Tener mi carro propio ,Esta Agusto ,Tendr√© mucho dinero para no tener m√°s presiones ,No pasa nada por qu√© yo soy mi jefe ,Quedarme sola ,Se hace el interesante por qu√© se que le gust√≥ ,Terminar√≠a mi carrera ,Somos muy fuertes,Lo disfrutar√≠a al m√°ximo ,Est√°n estables las admiro ,No tuviera problemas y fueran muy felices ,Siempre van a cuidar a sus hijos ,De hacer enojar a mis papas,Mi adoraci√≥n ,No me rindo ,No grito ,Tener mucho dinero ,Voy a tener dinero y disfrutar a mis hijos ,Los respeto,A fracasar ,No me buscan siempre ,Conocer a mi novio de mentiras ,Esque sean malas ,Es buena lo disfruto ,Siempre estuvo ausente ,Dura mucho tiempo ,Aveces es muy dominante ,Mentir 
37,20,Estudiante,Tlaxcala ,Ayuda,Me siento bien ,Me valla bien ,Ser√≠a muy responsable ,Misterioso ,Las respeto,Quedarme solo,Nunca te juzga ,Era muy chistoso ,Alguien que apoya sin querer nada a cambio ,Tienen un tipo de relaci√≥n ,Es muy grande y acogedora ,Con todos ,Es mi vida ,Me ca√≠ en moto JAJSK,Es terco,Aprender rapido,Me encontrar√° 10000 pesos en la calle ,Ser√≠a bueno ,Chamba ,No llegan ,A los insectos voladores ,Come habl√© ,Practicaba besibol,Son iguales a nosotros ,Algo demasiado lindo,Yo quiero ,Chistosas ,Somos un buen equipo ,No pensar a futuro ,Le valla bien,La comida dulce ,Viv√≠r de videojuegos ,Ser√° buena ,Ser√© rico,Me agacho,Todo,Es emp√°tica ,Sabr√≠a que hacer ,Miente ,Rico,Son como la m√≠a ,Es inteligente ,Aman a sus hijos ,Tomar 1 peso cuando me mandaban a la tienda kakdks,Bueno ,Trato de no entristecer ,Soy serio ,Una buena vida ,Ser√© m√°s grande jajdjd,Son buenas,Tomar malas decisiones ,Se ponen tristes,Jugando b√©isbol ,Que son bien infieles ,Derivada de x,Estaba unida ,Me cae bien,Me rega√±a ,Salir con aydee alch JAJAJA
38,19,Estudiambre,Narnia,Hace caso,Es lo normal ,Israel sea considerado estado leg√≠timo ,Prender√≠a fuego a las instalaciones ,"Maravilloso, todos muertos ü§©",Valen verga,Que no coma mis papitas cada d√≠a ,Vente tus √≥rganos a un distribuidor tailand√©s ,Casi me muero atropellado por una moto,Es que te venda su tanque de gas,Son amigos con derechos ,Est√° en una c√°rcel en Afganist√°n ,Muy?,Es una carga ,So√±e que estaba sin pantal√≥n en un partido de f√∫tbol ,Ve televisi√≥n ,Valer verga,El creador de esta encuesta se fuera a coleccionar tazos,Pasar√≠a a la historia como el mayor genocida uwu,Comida,Son los mejores (menos t√∫ Alejandro),A los gris ,Se truena los dedos,Picaba a la gente en el metro owo,Tienen muchos derechos ,Poliamorosa,Un retrasado ,Imb√©ciles,Cocinamos ,Vivir,Se recuper√© ,Las gorditas de nata,Matar a un jud√≠o ,Se morir√≠a despu√©s de un a√±o,Tendr√© novia,Me preparo para la pl√°tica m√°s pendejada de mi vivda,Los geis,Eran hombres ,Invertir√° mi dinero el alguna empresa estadounidense de defensa,Odian a los hombres ,Ser√≠a el activo ,Pelean por pedazos de tierra,Tenga  m√°s de  2 de iq,Sobre protegen a sus hijos,Robar un dulce,El mejor ,Me hago bolita,Soy insistente ,Morirme,Compar√© un tanque,Nadie es superior a mi,Llorar,Son felices,Ser atropellado por una moto,Que tengan derechos ,"Es como estudiar en el poli, pura ETS",Me vendi√≥ por una vaca y 100 pesos,Se estresa ,No la voy a mantener en su vejez,"Responder esta encuesta, por qu√© tantas preguntaaaas?"
39,21,Empleado ,Puebla ,Se enoja conmigo ,Me da sue√±o y estoy de mal humor ,Mis gatitos regresar√°n conmigo ,Har√≠a lo mejor posible ,Fugaz y no concreto ,Las respeto ,A las escaleras el√©ctricas ,Te quiere a pesar de todo y dir√° la verdad aunque eso duela ,Jugaba muchas cosas extremas ,"Que me muestre cosas nuevas, que todo sea correspondido, mutuo y que sea comprensivo ",Puedo pensar varias cosas ,Es muy complicada y aveces distante,Con la mayor√≠a ,Es linda y servicial,Casi me caso con alguien ,Quiere que tome mejores decisiones ,Ser creativa y bailar,Tuviera a mi peque√±o ,Tratar√≠a de proporcionar ayuda ,Respuestas a los conflictos de mi pasado ,Son buenos ,A las pel√≠culas de terror ,"Se hace ver superior a otras, ni las personas con poca formalidad ",Tome decisiones que afectaron mi estado emocional y f√≠sico ,Son bonitas ,Linda con la persona correcta ,Alguien a quien aman,Muy amables y platican mucho,Siempre nos apoyamos y salimos etc,Querer dar m√°s de lo que soy ,Me abrace mas,Llorar y pensar. ,Ser una persona que haga buenas cosas por otras ,Ser√° gente que realmente lo necesite y lo aprecie,Ser√© mam√° ,Me pongo nerviosa ,Estar con alguien ,La gente con una visi√≥n poco convencional de la vida y que disfrute cada peque√±a cosa a su alrededor ,Procuraria ser diferente ,Esperan flores ,No me sentir√≠a c√≥moda ,Son muy unidas ,Sea responsable ,Son sobreprotectoras,Ser hija,Bueno y alguien a quien siempre admirare,Termino cansada ,Me obedecen de buena manera ,Tener una familia ,Estar√© mejor ,Papa y mam√° ,Cohibirme,Est√°n para mi ,No lo se,Que crean que pueden hacer lo mismo que un hombre,"Ha sido linda, triste y divertida ",No celebraba navidad por trabajo ,Es proactiva,No me gustan las groser√≠as con las que habla,"Perder mi tiempo por procastinar
"
40,21,Estudiante,Tlaxcala,Es libre,Yo no le hago caso,Me quieran,De una tienda,Bonito,Son chidas,A envejecer ,Te apoya,Era feliz,Es una autopia,Son besties,Es buena,Conmigo ,Es fabulosa,Me romp√≠ un hueso,Est√°,Recordar,No estudiar√° ,Est√° chido ,Dinero ,Son chistosos,Mis preferencias,Critica,Era m√°s libre,Son bonitas,Dificil,Yo quiero,Amables,Somos besties,Caerme de la bicicleta,Mmm me compre algo,Chocolate ,Es ser espia,Son felices,Ser√© mejor,Me asusto,Perderme ,Es mamona,Ser√≠a diferente,Son inteligentes,Mmm no s√©,Son unidas,Trabaja,Chidas,Mmm comer,Ausente,Yo soy peor,Me gusta,Ser independiente,Ser√© m√°s grande ,Son mayores,No hacer nada ,Me llaman ,hablar con mis amigos,Que son dif√≠ciles,Activa,Mis amigos ,Porque soy una persona que cumple ,Me rega√±a,Mentir
41,20,Estudiante ,Tlaxcala,Me pregunta de mi vida social,Me siento mal,Me quieran,De una taqueria me gustar√≠a ponerle tacos Chuy ,Largo,Me dan ganas de alcanzarlos,A las mujeres,Nunca te habla pero est√° ah√≠ para cualquier cosa,Estaba chiquito,Es una que me quiera y me respete,Pienso si hacen bonita pareja o no,Es muy rara,Con los que hablan mucho,Es muy especial para mi,Le habl√© al payaso y se burl√≥ de m√≠ ,Me habla para el trabajo,Trabajar largas jornadas si me gusta lo que hago,Tuviera un auto mejor,Tal vez mejorar√≠an las cosas,Una novia,"Me caen chidos, aunque algunos son delicados",A las ara√±as,Se cre√© superior,Me gustaba jugar futbol,Mienten,Bonita porque est√°s junto a una persona que te quiere,Un hijo,Amables aunque algunas son dif√≠ciles de tratar,Nos llevamos bien,Gastar dinero en un juego,Me quiera,Las mujeres,Manejar moto rompiendo muchas leyes,Intento que se sientan c√≥modos con mi forma de trabajar,Tendr√© muchas casas,Le pregunto por cosas para hacer y los planes para el dia,Las ara√±as y la muerte,"Tiene el cabello rojo y ocupa lentes, tambi√©n la altura es para destacar, aunque visualmente tengo un inter√©s alto para las mujeres con rasgos muy marcados",Trabajar√≠a desde m√°s peque√±o,Son lindas a su propia forma,ser√≠a solo si fuera mi novia ,Son distintas entre si,Tenga cuidado en la forma que trabajan y sean ordenados,Quieren a sus hijos de distinta forma,Da√±ar la familia,Alcoholico,"Lo intento al final, porque peor no se puede poner el infierno",Intento hacerlo de forma clara y respetuosa ,Una novia ,Quiero dejar de trabajar y ser feliz con mis pasatiempos,Es porque tienen su vida muy ordenada,Dejar todo,No me preguntan nada,So√±ar sobre la muerte,Su actitud superior o necesidad de cosas materiales,Es nula,Dec√≠a que sonre√≠a ,Es ordenada,Algunas veces me cuesta hablar con ella,Perder a alguien importante
42,24,M√©dico ,Puebla ,Es cari√±oso,Depende de m√≠ cambiarlo,El mundo sea m√°s amable,Lideraria con justicia ,Un tanto intimidante ,Son lindas ,Al futuro ,Esta en los momentos relevantes sin necesidad de hablar todos los d√≠as ,Era feliz ,Es conciente de sus acciones ,Infiero su tipo de relaci√≥n ,Es com√∫n ,Con todos ,Es un amor ,"No olvidar√≠a ninguna vez, todo es experiencia ",Es humano,Varias cosas ,No sobrepensara,Estar√≠a tranquila,Paz ,Eran buenos ,Creo que me conocen bien ,Miente ,Me sent√≠a m√°s insegura ,Son fuertes,Un compromiso mutuo ,Una gran persona ,Amables ,Tenemos una buena relaci√≥n ,No se me ocurre en este momento ,Sea feliz ,Soy muy sentimental ,Tener tiempo libre para disfrutar la vida ,Tendr√≠a quien los escuche,Podr√© tener un impacto positivo en mi alrededor ,Trabajo ,Al futuro ,Es amable ,Recorreria el mismo camino ,Tienen miedon,Lo disfrutar√≠a ,Son amorosas ,Sea responsable ,Son fuertes ,No recuerdo ,Fuerte ,Lloro ,Lo pido por favor ,Tener paz ,Quiero tener m√°s fortaleza ,Las admiro ,Crecer ,Me respetan ,Jugando con mi hermana ,Competitividad injustificada ,Es satisfactoria ,Era compleja ,Es amable,Pensamos diferente ,No lo recuerdo 
43,31,Estudiante ,Tlaxcala,Se despierta tarde.,Trato de cambiar mis acciones,Me contacte una red para salvar el mundo.,"De la seguridad p√∫blica, har√≠a mi mejor esfuerzo.","Interesante, impredecible y emocionante.",Trato de aprender de ellos. Respetar jerarqu√≠as. ,Llegar a la muerte y no estar satisfecho.,Primero es uno mismo.,Me divert√≠ mucho con mis amigos.,Quien se conoce a s√≠ mismo.,Felices por el parque ,"Parece ser un poco m√°s reservada, no salimos mucho de casa. ",Con quien comparto el espacio.,Es una brillante y excelente persona. ,Prob√© comida podrida ,Trata de ayudarnos ,concentrarme en una tarea que me gusta ,Tuviera un poco m√°s de dinero para poder hacer experimentos de inteligencia artificial,"Tratar√≠a de ser congruente, puntual y darme a entender de la mejor manera. ",La auto-realizaci√≥n ,Son un ejemplo a seguir,Hablar en p√∫blico,No se tolere entre s√≠ ,Hac√≠a m√°s ejercicio ,Tratan de dar lo mejor de s√≠. ,Es un reto pero tambi√©n algo agradable ,Una persona adulta ,Responsables y dedicados ,Tenemos una buena relaci√≥n ,No confiar en mi mismo ,Siga encontrado la auto-realizaci√≥n ,Comer sand√≠a,Tratar de conocer lo que m√°s pueda ,Seria adecuada para el puesto delegado ,Invitar√© a mis padres a pasear ,Espero indicaciones,Hablar en p√∫blico ,Es inteligente y agradable ,Estar√≠a m√°s antento y elegir√≠a mejor ,Dan lo mejor de s√≠ ,Seguir√≠a un protocolo adecuado ,Son buenas,Sea creativa,Siempre dan todo por sus hijos ,Comer tanta sand√≠a ,Un ejemplo a seguir ,Trato de arreglar el problema ,Trato de que sean justas ,Auto-realizacion,Espero poder viajar m√°s ,Que tiene que obedecer √≥rdenes de alguien m√°s. ,A enfrentarlos y ponerme a prueba,Me mandan reels,Andar en bicicleta ,El inter√©s por el dinero ,Inactiva ,Viaja ocasionalmente ,Hacer un buen trabajo ,Me gustar√≠a que descansara m√°s ,Mentir a mis padres 
44,21,Estudiante,Tlaxcala,Se enoja,Lo acepto porque no se compara con todo lo bueno que he tenido,Las personas ocuparan su capacidad de razonar para hacer cosas correctas.,De algo ser√≠a muy disciplinado y atento,Importante pero no un √°rea en la que debamos profundizar porque no es algo seguro y adem√°s es incierto,Son responsables ,A no ser capaz de devolverle a mis padres todo lo que me han dado,Es aquel que conoce tu peor lado y a√∫n as√≠ decide quedarse para aconsejarte y ayudarte en lugar de solo irse,Siempre quise ayudar a loss personas en todo,No existe porque idealizar solo hace que busques algo que no podr√°s obtener,Continuar√≠a con mi vida ,"Es como todas, tenemos problemas pero peleamos todos los d√≠as juntos ",Con todos,Es un pilar de mi vida ,No olvidar√≠a nada porque esas cosas son las que nos hacen aprender ,Procura hacer lo mejor para sus hijos ,Profundizar y entender mi entorno ,Dejara de preocuparme por cosas irrelevantes ,Har√≠a que sacaran lo mejor de s√≠ mismos ,Lo que quiero encontrar,Me parecen un gran ejemplo de pasi√≥n por lo que les gusta ,A muchas cosas,No busca influir en ti de ninguna forma,Confiaba en todo mundo sin saber que no es correcto ,Son m√°s inteligentes que los hombres ,Uno de los procesos m√°s laboriosos de la vida,Lo que soy ,Trabajadoras,Tenemos una muy buena relaci√≥n ,Confiar de m√°s en las personas ,Pueda encontrar la paz que tanto busca,Mi mayor √°rea de oportunidad ,Es aportar algo bueno,Tiene que ser comprometida y apasionada ,Devolver√© a mis padres todo lo que me han dado ,Act√∫o normal,No cumplir con las expectativas de los que m√°s quiero ,Es la que me hace re√≠r todo el tiempo ,Vivir√≠a de la misma manera que ahora pero con m√°s cuidado ,Son mas fuertes y capaces de lo que ellas creen,Procurar√≠a tener mucho cuidado en todos los sentidos ,Tienen problemas pero las enfrentan con unidad ,Me complemente ,Siempre tienen una percepci√≥n √∫nica de sus hijos,No poder ayudar a la gente necesitada ,Un pilar en mi vida,Las enfrento sin importar lo que suceda ,Procuro ser amable,Tener la conciencia tranquila siempre,Me gustar√≠a tener a alguien con quien compartir mi vida ,Mis pap√°s y hermanos ,Experimentar cosas nuevas que me fortalecen ,Ah√≠ me dejan ,Ir a la playa con mi familia ,Que son muy vengativas entre ellas,No me parece relevante por ahora,Me proteg√≠a y daba todo,Saca mi mayor potencial.,Se preocupa demasiado ,Dudar de mi persona 
45,20,Estudiante,Tlaxcala ,es malo conmigo,estoy triste ,ser una persona con determinacion y discplina,tratar√© de ser amable pero sacar la chamba ,aterrador y con esperanza ,me agradan si son m√°s listas que yo,fracasar en mis planes,es aquel que te desea el bien,lo disfrute mucho,una persona con disciplina y valores,me da igual,es interesante ,me llevo bien con mis compa√±eros en la escuela ,Es maravillosa ,me cai,es lindo,creo se perseverante,si estudiar√≠a todos los dias,intentar√≠a ser recto y duro pero empatico,sobresalir,muy buenos maestros ,a las alturas,es irrespetuosa ,me equivoqu√© mucho con mis acciones ,son interesantes ,bonita si hay estabilidad econ√≥mica y mucho amor,ni√±o de casa,amables ,somos unidos,tratar m√°l a mis seres queridos ,tenga mucha salud ,la flojera,ser una persona con estudios y un trabajo estable dando estabilidad econ√≥mica a mis padres ,espero apoyarlos y que me apoyen ,espero ser alguien con estudios ,cuando trabajaba me daba miedo,las alturas,responsable amable y estudiosa,intentar√≠a ser m√°s determinado ,son interesantes ,me gustar√≠a hacerlo con protecci√≥n ,son muy interesantes,aspira a m√°s siendo honestos ,son maravillosas a su manera,pedir mucho cuando no teniamos,un hombre muy listo ,intento pasarlas con fuerza,tengo pena ajaja,acabar mi licenciatura ,me gustar√≠a apoyar econ√≥micamente en casa,quiero sacar lo bueno de ellos y aprenderles,hacer tonterias,en ocasiones me buscan o mandan mensaje ,salir a jugar la tierra mientras estaba lloviendo ,orgullosas ,es tranquila ,era muy unida,es amable ,me agrada mucho mi mami,faltar al respeto a mi mami
46,30,Profe,Tlaxcala,Me dijo palabras de afecto,"No importa qu√© haga, siempre todo sale mal","El mundo sea un lugar donde todos, entre humanos, animales y naturaleza, podamos coexistir en harmon√≠a ","Har√≠a algunas cosas tediosas m√°s f√°ciles, y me pondr√≠a estricto con otras que siento que son demasiado relajadas",Abrumador,"Sienten que saben todo, cuando siempre hay algo que aprender",estar atrapado en un mundo l√≠quido ,Es quien te apoya y a quien apoyas dentro de las posibilidades de ambos ,No exist√≠an tantas oportunidades como las que tenemos hoy. ,Es que no existe alguien as√≠. ,quisiera ser su amigx,"No hace tantas cosas en familia, pero siempre nos apoyamos",Con la mayor√≠a de personas ,Es una persona muy ego√≠sta ,Tom√© tanto que olvid√© el resto de la noche,Ven√≠a a casa cuando terminaba todos sus pendientes de la oficina.,Aprender cosas que requieren alta memorizaci√≥n ,Hiciera un amigx nuevx,Ninguno sabr√≠a qu√© hacer ,personas interesantes,Muchas veces no sab√≠an expresar lo que quer√≠an que hicieramos,Ahogarme,Es demasiado petulante o esnob,Me gustaban las cosas muy dulces,Son v√≠ctimas de alg√∫n tipo de violencia a√∫n hoy en d√≠a y es triste.,Algo que no me gustar√≠a experimentar del todo,Si fuera un alien√≠gena ,Muy dedicadas a su trabajo ,"Nos llevamos bien, pero no tanto ",Olvidar lo ef√≠mero de nuestra existencia ,Haya encontrado paz,Ver b√≠ceps bien definidos,Hacer amistad con much√≠simas personas,Nunca sabr√° que soy su jefe,Voy a encontrar un ritmo para hacer mis actividades ,Me aterra un poco su estatura ,Hablar con la gente nueva,Es la gente que no tiene miedo de lo que digan de ellos.,Tratar√≠a de evitar que el miedo me paralice ,No saben lo importantes que son,Me gustar√≠a que fuese creativo,"Tienen problemas de los que nunca quieren hablar, pero siempre salen a relucir",Sabe cu√°ndo divertirse y cuando hay que tener seriedad,Sobreprotejen a sus hijos. ,Pedir cosas a mis padres,Muy buen trabajador,Siento desesperanza,A veces me pas√≥ de flexibilidad ,Tener un balance laboral y social ,Quiz√° no viva mucho mas5,A veces piden incoherencias ,Rechazar todo y alejarme ,Me buscan,Son los festivales escolares,Es muchas veces la personalidad sumisa,Ha tenido mejores momentos ,No me hac√≠a sentirme c√≥modo ,Nunca tiene tiempo ,A veces no sabe controlar su impulsividad ,No perdonarme cosas que no son mi culpa
47,20,Estudiante ,Tlaxcala ,Me busca ,"Llor√≥ lo que tengo que llorar, tomo un respiro y sigo porque estoy segura que no es para siempre ",Todo salga tal cual lo plane√© ,Mm,Incierto,Las admiro o aprendo de ellos,Quedarme sin nadie,Esta cuando lo necesitas y todo siendo mutuo diciendo incluso los errores que tienes pero sin ser cruel,So√±aba con una familia amorosa ,Es que tenga imperfecciones pero siempre tratando de ser mejor persona y superarse a si mismo,Veo sus comportamientos para averiguar sin son pareja o amigos,No es funcional junta pero separada lo hemos sobrellevado mejor,Con las personas mayores porque cuentan historias de las cuales aprender ,Dar√≠a su vida por m√≠ pero se que si ella no est√° no se que sabr√≠a que hacer ni como seguir,Me regalaron mi mu√±eca con vestido azul,Estuvo como un ente pero nunca tom√≥ un rol en la familia y solo nos caus√≥ da√±o a todos,Escuchar a las personas ,Pudiera tener a mi mam√° por mucho tiempo ,Me gustar√≠a que se sientan bien en el entorno que se encuentran,Paz mental y dejar de tener resentimiento por algunas personas ,Eran como unos amigos grandes ja,Que le pase algo a mi mam√° por una persona ,L√°stima a las dem√°s intencionalmente ,So√±aba con una casita en el campo ,Hemos sufrido por un hombre solo por enamorarnos,Complicada pero se tiene que aprender uno del otro y dar todo equitativamente porque tambi√©n son un equipo ,La oveja negra y otros como una esperanza ,Maleducadas,Estamos m√°s juntas que nunca,Nunca dar a conocer mi versi√≥n y aguantar que me juzgar√°n ,Me pida perd√≥n ,Mi relaci√≥n con mi pap√° ,Ser buena en todo lo que hago ,Quisiera que me vieran como autoridad pero tambi√©n como una amiga,Cumplir√© lo que tengo en mente ,Me siento tranquila ,Arriesgarme,Son las que son amables y respetuosas,Me gustar√≠a cambiar solo el aspecto en como nos trataba mi pap√° ,Deber√≠a de darse m√°s valor y amar un poco menos para no sufrir tanto ,Me gustar√≠a que todo sea consensuado ,Est√°n separados ,Tranquila ,Se preocupa por los hijos m√°s de lo que deber√≠an,Hablar sobre las infidelidades de mi pap√° ,Alguien que solo da√±a a las personas de su alrededor ,Trato de sobrellevarlo,Trato de ser como un lider,Paz mental ,Me gustar√≠a tener una ni√±a,Las personas grandes que me dan el respeto que yo doy,Tratar de superarlos para no sentirlos como cadenas,Me buscan ,Es cuando me cargaban para llevarme a la cama,Es que no salgan de d√≥nde les hacen da√±o,La disfruto ,No funcionaba,Es relajada,A veces se preocupa demasiado ,Casi agarrarme a golpes con mi pap√° 
48,16,Escuela ,M√©xico ,Descansa ,Estoy triste ,Tener una moto ,Me sentir√≠a mal,Misterioso,Mi pap√° y mi mam√° ,A las ara√±as ,Es alguien que est√° en las malas y apoy√°ndote ,Me descalabre,No existe para mi ,Pienso que son pareja,Es unida,Con todos los compa√±eros ,Es la mejor porque siempre est√° para mi,Cumpl√≠ 8 a√±os,Es trabajador,El f√∫tbol ,Conociera a Messi ,Seguir√≠an siendo mis compa√±eros ,Ser alguien mejor,Son estrictos,A las ara√±as ,Se lleva y no se aguanta ,Era muy respondon,Son trabajadoras,Un poco aburrida ,C√≥mo a su hijo,Buenas onda,Somos muy parecidos en la actitud ,Tener novia en la secundaria ,Cumpla sus metas y termine su casa,El chocolate ,El dinero ,Ser√≠a mi compa√±ero,Ser√© rico,Lo saludo,Las ara√±as ,Es la que hace muchos chistes ,Repararla muchas cosas,Son trabajadoras ,Me cuidar√≠a ,Son unidad,Respete ,Son fant√°sticas porque hacen muchas cosas,Perder mi gorrito,Un buen hombre ,Trato de ver lo positivo ,Soy enojon,Mi moto,Comprare mi casa,Son mis pap√°s y mi jefe del trabajo ,Reaccionar mal,Me tratan de animar,Es ir al parque ,Esque saben mentir bien,No tengo ,Me consentia mucho,Es respetuosa ,Es muy enojona,Gritarle a mis pap√°s 
49,20,Estudiante,Tlaxcala ,Me abraza ,Lloro,Las personas sean empaticas ,Ser√≠a el mejor,Incierto ,Las idolatro ,No encajar,Siempre me elige ,Me sent√≠a fuera de lugar ,Culta,Digo: awww,Es ca√≥tica ,Con los que saben trabajar,Me ama,Me tocaron,Baila,Escribir ,Tuviera paz,Todo ser√≠a mejor,Paz,Me ignoran,No encajar,Miente,Quer√≠a ser periodista,Son eficientes ,Linda,Alguien extra√±o ,Sin comentarios ,Somos unidas,No saber elegir a mis amigos ,Me note ,No hay ,Escribir un libro ,Son eficientes,Ser√© feliz ,Lloro ,Ser yo,Es muy lista,Cambiar√≠a todo,Son listas ,Lo disfrutar√≠a ,Son ca√≥ticas ,Sea estable ,Son extraordinarias ,Permitir que me lastimen ,Orgulloso,Lloro,Lloro,Ser segura ,Tendr√© paz ,Saben m√°s que yo ,Cambiar ,Disfrutan ,Cuando hice un campamento ,Traicionan ,En pausa ,Me olvidaba ,Me estresa ,"Es muy egoc√©ntrica, me hiere",Esperar
50,20,Estudiante ,Tlaxcala ,Se disculpa por sus errores ,Me esfuerzo el doble ,El dinero nunca falte,Har√≠a mi mejor esfuerzo ,Un tanto aterrador,Me tratan con respeto ,Quedarme solo,Te escucha sin juzgarte,No era tan feliz ,Alguien con intenciones de mejorar y crecer,No pienso nada,Es muy unida,No trabajo xd,Es buena persona ,Ignoraron mis sentimientos ,Se esfuerza por cuidarnos ,Comunicarme,Tuviera m√°s dinero ü§ë,Los tratar√≠a de la mejor manera ,Trabajo ,Son buenos,Perderlos,Es demasiado vulgar y prepotente ,Era m√°s inseguro ,Son capaces de cualquier cosa ,Un trato entre dos personas que se aman,Alguien especial ,Colaborativas,Nos llevamos bien,Confiar ,Abra los ojos,Mi coraz√≥n ,Es vivir de lo que me gusta ,Ser√° tratada con respeto ,Dejar√© de preocuparme tanto ,Que,Quedarme solo,Es respetuosa y amable,No cambiar√≠a nada,Pueden ser dif√≠ciles de comprender ,Me cuidar√≠a ,Tienen demasiados problemas ,Sea como yo,Son buenas ,Los problemas en mi familia ,Una gran persona que le cuesta reconocer sus errores ,Me esfuerzo por superarlas,Temo tratar mal a los dem√°s ,Alguien con qui√©n hablar ,Podr√© comprar m√°s cosas,Suelen ser buenas personas ,Esconderme ,Nose,Perderme ,La actitud prepotente por su g√©nero ,Me encanta ,Discut√≠a seguido ,Colabora,Es un poco imprudente ,Mentirle a mis padres